address,quantity
0x90ae3c37e580bd09ba62e87426e8dd68cad23099,1
0xf2e23196a7d7b8114e3dcac0e2eeacb5cd0839de,1
0xcd64f879030a7a4fe081609e1a9b626bb45b09b3,1
0xaeb8832a499de2bf255d99d076cd5869a32ab6d9,1
0x67327c9a8acf6ddbe81970262fc0923a00ab4868,1
0x9947e170a76d466e982cd4fdcf1b662b356f4d6a,1
0xef323cac89d4759513f10e61c1c0d29db5aa791d,1
0x1d331db5be0b9031de0b5bf553e333f6a3915c93,1
0xa624df7f3219f6f76094652a63aa25897fcfd0e6,1
0x7304a74bf8fac5ca3fe29c8d26c67225232cf4f6,1
0xa4b6333440d95d0130999d3627fd1a3953c4609d,1
0x9ff860aebc9513acb66473b0b26f4bf272b3bfb4,1
0xfc9ae5e1417059d39ac0fef8bf6fb1270cb256e2,1
0x26a96bfee7cb6a468e29fbb725f84892393a0d44,1
0xda24aa83ef7c1daaad3e40c8de2e4737908bf636,1
0x130f76701804fd71696f41f0bb11eb7b3a02914e,1
0x4d353d2bdf1513b02a1ad1c7912bb24023bc0367,1
0x080b31baf8f12d5f7456fd7a80cbdba7ced696d4,1
0x2497011dcea9b19a04b0272e6b5b062ed0aa10c3,1
0x202af649c5661ceaccf3398fa132d641bf6d1f0b,1
0x5444eacc3d709ed09bcf6d8621453d8951368b5c,1
0x389ad3700e5bccab1f90fbc0b60f6ee7558952b9,1
0x4524ef7664c85ab02b0061622a0ad9d3d78f20fd,1
0xa966dba54bb0dcbfcd830395994567c0587e3b3e,1
0xbba952285f6d9f06d15afec0b023161c30c52d60,1
0x3b5cea4100fc3c00d17ffa96830a1f65adff6e49,1
0xbbecbea855f6dacacadfdc9107b69d1a470b6d54,1
0x3f7c14e402fcc3864d6e1ae1c4747ff1805d0512,1
0xcb433105e076cf42ffaab1e37e03755287f42dd5,1
0x7037ec4303dd82ae3c57e37774372591a6d64093,1
0x905f7a234e28f7b8a47f76b5966061c63c78c8a2,1
0x65489c0a3b956328a65096988a389fbdd2dd7e63,1
0xdcf73c3e4afacf85fa3f75449da14b6ea95a4806,1
0x3bb60eddda61b8660baa64014ea75d3954d91938,1
0x39ec6c8027538bee5ef64df6ae2bb4453b4a666c,1
0x31616764d202bbb17ada860884c9091a92ecae4e,1
0xbf81b2728ab3f9c1be98c0288ecc0150bf679fa2,1
0x0000088605cddc056afb18c2db6692d3c4b33eb4,1
0x112de0d91a911a56313024b5543be78cb859ab72,1
0x7e7c65c3c0ff7b87946655ecbbfbc7af5239700e,1
0xb2bab398b9772e0aa7230042a1d39a0694bd7fba,1
0xfaa6b114d51bc711589262eebbae4ac798234198,1
0xcdfb02a11e3d8473ca11bda5f2403674192d745c,1
0x747aceaa15ad2fc1d51b1bb0cc596e7193ae741b,1
0xb7077251cfd03b188e4bdb97435763f428eab27f,1
0x5eda210c390e05d1235835e7d4a511780084b000,1
0x8b9de4fca99d4c95c909a225945497b18c49cd16,1
0x3eff5cedc6bc976d24b58383f47415253afd9052,1
0x3094e92da20e05b1dc4eb68a0970ad8d23a90b33,1
0xee80b0c19ab5f83a149639b8c87df4d18865dfb9,1
0x8270298caf64de076cb632cdcfdaa80257559d6d,1
0x5f64e6ae87c8a35d57f045129f1c90b2aad4d9a6,1
0x64bd67bc509f61d5ee8ca63b2e90aa8a9e2f6b86,1
0x9621de4630a891cd494d316dc7a3099b0dcf5474,1
0xfd80bb57b05ac53916679c1b40e126d6daab2f7a,1
0x65b89b987aba2f4489e786da3d2aa29b769bd910,1
0x9b04fce1ecb14efa25d41b43ed38dbbb57a32738,1
0xe169ed3d5bd2fe7a76928b217047644ea9d736de,1
0xd3377c07bc6f8d382b106eb2d6722a69fec2887a,1
0x4af468ec0c69a043e41e444a6a3f4981dad776da,1
0x64fe5a59d07834e15e22ac1020811a94ba080e20,1
0x900ab1129a3b983f521a9fb6e248366b1409fb19,1
0x52912fba2e24d83a90d0fe49f3708026082717e5,1
0x15d95d0cc6eeb9c8062a4d96b8547cc6ece2c579,1
0x7c2910f47c049484bf11d87992734713cea7c896,1
0xa28ba0d8fefed47fc1accef68faeba3804309480,1
0x05d89702ad4b1c8b816e658ec40b148342c614d4,1
0x117f1389dee487f50ca3480ba7adb2d214b9117e,1
0x887804bd3c919affd7de5f33778124374dd1a289,1
0x4447e0a889fa3703b7f91430df34ad7caf152187,1
0xb7cc24f9aba08c00bd620af3d7f9496f2ddcb8bc,1
0xa84b32b9dc28b6aec1a8f474eb60f3865082d215,1
0x2350c7fb06933b09f882081ba629e795952356cf,1
0x8fada3b0d786b6659d82d9c05028426395852650,1
0x7e59c2e03a87cf422b862bce00cc76ab2c4e8a2c,1
0x212b18f340deab8a5c4fa01ff88d0df8c58301df,1
0xa8525858c72c67ec30290793095c26ab7e9a4721,1
0x4a7de5ed0e8c422d98f732482ef307a1a0c3022a,1
0xa8e45caf77431182127c8df10da2e0d59bf9c507,1
0x7890de1c91fd2e1f1bd9fb96c30114cf93cceca8,1
0xf8f5af3c759ef3ebed83fbe971b2a233f51e517c,1
0x19e06e9bd4b7252547b131dbb015df091fe195d9,1
0x6946ff357fe2625dc928701e6e22cf950cf3054e,1
0xab0671d6c3d789bf926f66be691f6a1bdb70562a,1
0xfcc29e31cf38a3c536e440d9c23c8d137325addb,1
0xfa2e79c83a4681c22e02780367f093b75b76fcf2,1
0x997101c7660db0c2ea36583e6341db23b6beeea1,1
0x1ba0fac06683e4cee5720440b3f0b37a8bab1575,1
0x2c808c70923176650d86e9cca4a4e863cb4f8c62,1
0x1681f6dab7cf97f3434908df9d05eb7895ad3e53,1
0x9b850a64dfd7adc0ab718fa1906561118eb4f497,1
0xcc2cea353dfcb77ff48ea9f4fb97863e9d69470c,1
0x1ed578007756646b4152d330ae137282233af06d,1
0x6f6a09d781fa217ade765aca417961544ee57ed0,1
0x8dfedb1f62820222ec8ff4d68ddcd86b71116d37,1
0x541aa4259b2a63048dbd0168e67dd3a1f67a282b,1
0x47339b7c1fd2fe6dfa959485ca6a3a6e9b383b98,1
0x3600dd43b4f589ce48e707846d33bfb3cee24cfd,1
0x05bccc082af0c969389677a865a5bc4570cb0a23,1
0xe92621a0502b3eddf2240089d0703c398b5b85c7,1
0xf7a8b58e1e13c0b58797b7d5ff629f3684debcd5,1
0x404289fe9e860585b867537c91be231225f69d11,1
0xb14bfa1ffa3311ae0901422fa6566b627afc2d7b,1
0xf09310b47cc796ad7f5c8ea8cf2def2188178fa8,1
0x77ceeb34df72740d9c2cc848f9c7d61720e85a0a,1
0xdc7d0b3b85ea9232161f3d52e66eaf20ed59964e,1
0x75b5e4771a20beb4b2441a8909347d2997332c7b,1
0x9df5b07e22094c00188c27f3859fecd3428eb17d,1
0x29cdbeb50b71e085e6255ec716d23527f0044e60,1
0x000000f7045a8d8f9cf65ae929985bf2cfae2775,1
0x40536224ef670ca321d5dde316061a5625c05137,1
0x06a4d2d2146a027542b7e83c14aed637b8ebff84,1
0xd5ac2c18abf6935ffa1fce042734f91aa78d5c7e,1
0x754f459fdab3baa00b72845ede35101695e519a2 ,1
0x111114763659874226785ab7b7df9e1364be8332,1
0x296432b218ecde0c869d8461b323c6fa2c7392eb,1
0xbe60caef7638612492feb5b8122a38717ba7b926,1
0xa3a71c1b7f87573f9b121e5b19fc2ebce4085cf1,1
0x000000006f457c0f8f560333d9c2877287d92a92,1
0x000006852707efdcb2db24b39f47ae03a28aedfb,1
0xc1321103d6e7ac32fb104ed3f1fd1fce2cc54d55,1
0xc9ff4e76de76a4316d81a4e28d5497c438296e25,1
0x5f0ea5ee8d2120f98e891fdc834043f90528e648,1
0xc7756e4980d0c4503c75e499d1618f9f48b050e3,1
0x44a7715bd1b6b802e94b6b89c4d7157d4040586b,1
0x8a1749218c2c4b100045d97d0e953c48c2541dfc,1
0x5290220f6c834734b974bdda379d262550316bef,1
0xf1f5187c7c9d1e81a9c975c641dbd27631134057,1
0xd6c061f37a6dc54c0ec57ae2676f36641c01174f,1
0x58306cc36224450481b5e2fac6c21a369eb20dc4,1
0x7e0fef1c3bf356f9fc0fb876fbfcaa9e53574226,1
0x8ada33fba2e7c2afd43f4e55d5780db70b9a286b,1
0x94587ecea8970edbb39b6a1a58332efdfb8ec038,1
 0x30dbc88c27a717c077a9cd2ca7550c73447ca811,1
0x70f3c3f1b0184dcc3d86cf5ce15d0248ffff9711,1
0x8b16dd3b8363cd85b14db394cda9e153bffbb61d,1
0x1a730411590d9798ceec2d07e2f3f2cfd1f51b8c,1
0x0ad50c58d425a264105d826f65e9db156bd864bb,1
0xc30e6905e260b1c4126b080cc445f67de2b52717,1
0xa08e0fee921525286d8720601c4c414da1cedf75,1
0x15ee523fb157982cb1f993bc15a7f40af0ebd2a6,1
0xe7874b8fd44f845a93beed5c631708da780af64f,1
0x4cea4832ec4dc78594021beb45a3ad0ffe685b63,1
0xcc6bcee83c5227a61f13c4f04c313a6e25b4639c,1
0x6748bc46a796e550b3c206401f634e61238bfe97,1
0x1f7f36b7469748eda342e3795a8102dda585e4b8,1
0x8fddbbbf2d18159b14fe53041a65b2a890ac3f48,1
0xb0c9117b58dcf1ba97c7be7bb3102b0ce0a0050c,1
0x01dac2da58c5f335958964c4488c069928e30e76,1
0x5e46f1ae9115402949d12fbbdc601c0dcf1e292d,1
0xc039492610f7984178906f1175e875eab393557f,1
"0x5c18ec120ecc2bfaccc7c09cc1a41860fd163f54
0xe109b0b45d1641d40f3e715fe9560aca3fc876bc
0x8ed3230719dbea66b65bf60902657efffdbeb70f",1
0x1a3ac6bd05637a4d3b9b93354f13417b932cb162,1
0xb7a62a6df897695ffeab9f12a4f4a5a795b8a737,1
0xfdbb5483aaf3ca1abc9485201fb15869b9d51b83,1
0x1cdc37a346a7b959ca49379783f0fce6dd22f674,1
0x9e9fa6ead446450f1568fabe12d3fccfb47ebbdc,1
0x8fe6b7643337404aeb4b3ecaeb47fe3d463bcb77,1
0xdc4bb0364f879cfb0a5db8e06427c52e3a4019a7,1
0xdc4b0f20621c6ded766d5321fb03e763ce4f157a,1
0x4702cf0ed0ffeec68f170c3bc3c3fca9a58ed1b4,1
0x446b13f1ae0be4c85a2ff77fc13de392132862c9,1
0x450af4d3937b8891dc4f4945b1cf3ffe90115bf1,1
0xf04aba2c7f1ed9aba89bbd5d5b49304201059197,1
0x16ab229cc554b86499327f4c8052f7fefe487556,1
0x4389cd4b251ce3cb89481891389c7efc39af33da,1
0xd4b54e686767bb3792fb92dc15f1cba07cd0e91d,1
0xa5b9824974efa9c7b1a6a2a0dbf7b13c8d923191,1
0x2ce299051b89d137f64b8633d69c7da43b6d7a36,1
0xd6461533463aec1a43e5add86f67a5acf40e28f0,1
0xadf3081629d197dbb3acee190fd304b5b4b91e56,1
0xd04dc6ab7535f696381c9caf09ecb249a271778f,1
0x425de231acd3bd847c53940fb3b65710cf4998e0,1
,1
0xdc91fdbf1f8e5f470788cebac7e3b13dd63bd4bc,1
0x1a9c0a0be65db00766f0949211cce2c56d8caaf8,1
0xe6b7b24bdcbc933083f778c0fd12754bd881464a,1
0x000000a584697755a0378444f34fec06229b7e38,1
0x270f2f857e07a525055598d42c1c23a5caba4876,1
0xd8f637755cb81ef20d0b84f0cf4b9c85ea286500,1
0x0ac7fbd8180921c586b54d6c4d9f0a0d3e3a1140,1
0x9f744dc422fe55d7505f27b279699b33a3788c08,1
0x6a2a4e13630de620933b702290dfefebc30b1c21,1
0xb8343fac457b2ba68981839693e60249c79c70f8,1
0xa10c2769620c473cc0c1d434bf67b23c2ec1b679,1
0x6b6e5bdbe151a6adaa0e13193673a2388f250f49,1
0xf304c64ed2bd377b9ad6cceec58128e79528567e,1
0x4fc496a39317fd5f25763a5096a9df9eeac40fde,1
0x5d3815214b651fec95b0ec1327f0afcf724c5dc7,1
0xb19cb8bdd97f26dfb1c153c035bc58681e9f29f3,1
0xc3a10e4f68e142f27b9726e0f8199409ff09d456,1
0xbbaf97a21b53849876e568fb6b1a64a1da342cc7,1
0x130eaf5cbe7dbf3f61663a063dc27672603d3ee1,1
0xf56a7b522768fd921e10f0136d50fa112ee5aaf0,1
0x00000e0e2e6298505a639a340845f60a0eea8528,1
0x79a6144c95b84099d201f790494e03d3f2225d59,1
0x8fe069f561c9f7e0783f536df714dbacdc59c903,1
0x464b4b3f8af076fb888e21c85776eec558281334,1
0x4f1400172690be90a8cd14a1b7846ca8c16a45e1,1
0x7cda9e29479a0fa82d5b95985c78109d0340812d,1
0xacef2497247895def2133444a7595989feca3876,1
0x2f508d9679f21ec741f6e1ac1940a2327c09fdb7,1
0x1279c68640f95608a9eb53ca8ba046a0337353cb,1
0x14193d084a931f53aeae4fb7cb575809a8a235d4,1
0x4ab92afe984249fc4431937982ec47e1e442ea1d,1
0xd48f65db8a8ae979f5836c42a43645292553b40d,1
0xe57aabe16d73f5234a5560f6adc905c896c8e0f6,1
0xa61337b4a44867b64d29ba9dc0f5455e347b242c,1
0x38b623c235d1da0c54d5ff3462fdea44dcb0df9f,1
0x08729aa28f996f3ab4832bd5a10c7499e580ecec,1
0xdc4af1f0c8702b22280ed386cf36a833fb966367,1
0xe025ae8e7cfc74de962d565514a0ec3cfb9eda9e,1
0xe8dc376e6dc60bb7a684d136b2b22395802ec3c6,1
0xcc0055365e7008adbb941064ae99704e33bcae88,1
0x9d0da08d755822107676c7f6535e1be89aa9f5bc,1
0xaa1e77b982cbce1d109e9309aa120292b44eef0c,1
0x2ae36d6c227609601338c02bccb3091c2bee58e5,1
0xdc72ab6d572fa6c703a5d02b6c47f6c7d59bfe7e,1
0xded2842ee66edecfdcf9a6a84b16e3d1a40fb3f4,1
0x28b8a9ac47e3e43e3a0872028476ef898055871c,1
0xf9f5b3e819891cf27df7a008ba6318ff2c302e15,1
0x1cdcd0145d52233a6038478905532e996df8e120,1
0x3693668e97c55100fa8785e82e29a10e9d91fd05,1
0x60dc9173c9587eb3be1b05001d30d35942afd79a,1
0x5c5b1ca858b47f8f143a7057601cc5a54d65e6d2,1
0x910cf57ad87fb1af2de5a32f43001a198c7eb7d8,1
0x184928884bf892376ffd2ec0cb12bc1533bca767,1
0x9db99ad21ddc7db100ac1b33494198cd223c9469,1
0xf136f9f58852feb199745bef528fded0620a7cb3,1
0x6d58d4ee9547ab5ca680535409615f595b691003,1
0x2c6f9a0d6db19cded73e17e13389ffae588e3399,1
0xc98b6dd2d1197ea480f7f598cb3ba5dda04d2e86,1
0x303068cb328ccc694a48d1c30dff626335887457,1
0x99fe829b19d51c8a5744756d86a1fd2db4f2ac0f,1
0xfb922e57d42a14ea5e85965aca7397cebf0d1c0c,1
0x43a1aa93e959a19fe8137115fcd6281cb4cdda7d,1
0xd8cba2c75e07c7538a9bd29c6949b7f1f2085942,1
0xa019290a81f16d80201a971cc81c3716a29c5886,1
0x85dca23d6114710fcd7b3297fb11072b9561a06d,1
0x0063052772f10343cae16354f5c6b792c6f58cc5,1
0x75726a45b321d2ed589c6103b00e2d7bac15b5e6,1
0xfbe623c4b3bce015d78a8d9a86869e2b45e26e23,1
0x7ebaad92a073c606dc17fefc5eb08e06566a98f7,1
0x482bdaccf024b0acb7c8b410ee7f0a037efe5088,1
0x237c9cb241c350f2f03aae250949db9b03d3d109,1
0xd1e4615d8498fc55e21c6191582dc843d08f464f,1
0xf77378f08a0867c1310a3cf7a671957de7976d1a,1
0x61760e7fe6c2d40cddcb366f8d263bb250c1ff6f,1
0x1e5c959abe5d2c8064792ba693a9c4ecff66a547,1
0x977ac0e5a34219f667d07dfa9633cb89cfe215fc,1
0x7906294767204fbae92332a7c2401a723d361a6b,1
0x55657009004ddb5e40ccbfdfb2528c73780e5aae,1
0x70ac3341b8251e8ddb084e761114dad880be6ef8,1
0x9d12e9e24f14577317c7f21e990c45d304c0dd3a,1
0xbf951ec1814f77cc0304048a607f1f3b1eda854e,1
0x48bc9f838550656618b86054ecbc30fcd54c006d,1
0x11425ae97b83f9dbe682faf4f3679e08dc3fe42f,1
0xa946d7f287cb836eb7df3133bf7e0bb4096d1648,1
0x3f6e9dd958a00c3ebc6945ab3453b9eece52a8a3,1
0xed5e420d8999950ef75012d445ebd26e26e64a5f,1
0xe4321f0aa947479a2ad94dbff687a9c260c1a70f,1
0xe10cfb77c428adaceee605410cefa7c9b166c291,1
0x9a31ce9c36abe7b67faeb54e130163fed83fa6e1,1
0xd30c4bd0bfc18cd1b3b3664e638cf06223f1a0f1,1
0xdd441d8935685e22bcc044a3f98e06abfae79a81,1
0x797776a9a0f5d79c0ed1c1b2402bfd68dd14c322,1
0xd628045b1e010bb1365725b2ee0b8ee997664007,1
0xb9b00bf4129e36377193f6401b0563eac6ae3153,1
0x7a0044d9a5711df402bf49be80b7c9c9f9a5b3d1,1
0x8bf80cdc1b5008d1279e54b80fbc7e72b2cba87b,1
0x2067bf359d451955e18c8b2c1a3d94edd093f4f5,1
0x8d14509d87c0690ea62e383ef281294440e66c8e,1
0x66cff15313b5bee663d55cac96f45ac12afe9481,1
0x74654f9d6410209b8a897c4ea05b80bc593ecde3,1
0x2f53e355e794cef4ccbe562d4ae8c1fc2773a328,1
0xf5cc1ad7b3f8fea34dfcd60a6c9ba7466b9e1ca2,1
0xa9072b5eeac7ca478658d4203e17adadb33038cc,1
0x8987017a377549aea1c5b8ded4651821eae8710e,1
0x742105266e74e997aa7399b0a3cc81afd55bf747,1
0x80f6c4dcf6420eacd45ffe66b99ec6dcf7415e21,1
0x8fcbc537cf68074faf6139e2734438e14e7e882e,1
0xc7f783757a0dc344111ffc84620738f13510ed18,1
0xc4a4f89f27f4529133608cf172a8a8d08f11f982,1
0xeec060a925a927ddf83ff20826576b1ad7400fb0,1
0xc6258a14f4b57fc5f59703807c989c2d7fccf102,1
0xf968b1e4f9e508f511bcd10fc21ce17e9b3fbd46,1
0x87bb89f10dd62cde0ad4777448e995556860dc18,1
0x00000000e776088b650764b4e730498819fb5501,1
0x86dfb1cc3bd8df4791ac87de874de51a280661df,1
0xf8e9d2e97fa89fd21c03409262862edf0bb40c1f,1
0x4ea1e0fc816774a9db8579cc94a19c0ad558745d,1
0x5782e5dac8a7d850d5c96f714f25f608b281565f,1
0x591353c3348a0515a5c91f6c6af68fb73ab1b00a,1
0x557240c0c4056b76fe30b280154faddaa72bd71e,1
0xcf4914aa2dccad2b8581eeaf5db66ada8c86828a,1
0x9994b392045a1d2aef5e72d2ef70b0f61e3a2322,1
0xcee1c50600e044144ce824b73eb6d53e5131775f,1
0xa6178668fb55f9f9d20f6905045585d8959a6dfc,1
0xf19ed1793d2487a8abb10d147d01cc90f6490efd,1
0xfedf6ac3022bba3ab4fcdc973eaae88e9c757657,1
0xa6f6fe428c25a8441f836294c89bc6100c7a3262,1
0x74c78ad3397245b1f1b9b61ce9b7fe8d9ec7d6d3,1
0xebed44428958ed95fb1ee8f0c84f67fcf41ab123,1
0x61a0aa7d61f5b0cb5a93239bf2cac2c71639be9d,1
0xe70c7a433540b1b50fc5fe85d045d1cf827bc084,1
0xc3f5f0c67497c75b612ef0a79f43faf6166a8e7a,1
0x4c5afd022ff0c6cdefd0aa5ac51fd21684d2ff76,1
0x7e136fc04b10885e7067c9009f0236f8edd0035b,1
0x9174b298249dd747079f31484e469f010b4d6cd9,1
0xdf5580ed3d02f01528eac56a2047110c7de9e8d3,1
0x14dde83ba9f77e39c157f129b529d84cb04182aa,1
0x6a216edda2d855b2fe94187f0686c987cab993fc,1
0x8486bb636e71b548cd0a4792708e7957ddc89f4c,1
0xdbba8fbc007751bca53ab22dfa497612f69c28c5,1
0x547058fa2c17be928bfda16135c3685212a300df,1
0x8ee87a90968ee7d033ad7725516234522f54a998,1
0xe782b534e2b471bd94c731dfa0d30c60ba8a81cd,1
0x30d9bd05881e94297a3f114410d97063eca4d40d,1
0x8f0cdbdf035adccdea0ae4e5db2002d50478f632,1
0x964207df8c67132cb193050250e575acccf2c274,1
0x08929395f4a81c38b56581ea405bf5ae1146c6c7,1
0x43ad068c623c18af63fe392e27e153cdb4472c9c,1
0xbe63008882c760efee1088755d4484a48b485a58,1
0xb10dadb27dbe82d3339172375845bc93007b78ba,1
0x8a4c64c243dc2b73905e36778b36c8ab2791f826,1
0x2729964d2249d729c3c34c370c80a954bc0813d1,1
0x812ef545624dd93b2e7d0048f8bb4fb8e1ccd60c,1
,1
0x98d474626305194981ae616413a725c84543a171,1
0x22f3185db0a560f9106d7c84d4a2ee0255a0aafd,1
0x20509d1e8ffbfb5f46e4cda45ff5dfa97ab939aa,1
0x07995495f3737b43e5f394d8edfbcbd9cf700166,1
0xdd3d9dd47179f007c9505d074ffa8f46f2dbfffc,1
0x3f197f099d7c3c026490309ab5382236a18339ef,1
0x2a8923f68a41f7fe51fc483ceb0a52dcf6f46f3d,1
0xfc9edcbdda7a046137a9be5b39f4dcf846645b12,1
0xa591d5a03b7ac63030ca01858a1b50804890a84c,1
0xe97f0deeb2925ba95a61ef8f35b0ae5958764726,1
0x29e2bea1cb750c595ff3f53624c938427851d2a9,1
0x2efb04b4c64d0adc86a7be539d461b7ccd4ece63,1
0x79bb8b05783b660f42a153de881d8ad7cad9dabb,1
0xc873427e794279f435f3527270e270e8ce0b1608,1
0x30fa6a97b07180c09e646071fe82436da9410782,1
0x313d51b2833b8f5d184b5d31650a6ab7fa9be009,1
0x6e3b1e812051e9c31795a88379cb837050be6787,1
0x31c87c12c47e8ba3a7ce8c5c37a5560dd4456a51,1
0x5a780948531578e39528904b56c3af5095437a0a,1
0xc978f2c609210e2d9681fd1a3dc01e2c5df7ce22,1
0xfaee8853a13e5c482b22bee4993560db73de6ebe,1
0x41819a8913d8aa197248b0aa569d629a5c4459c8,1
0xbe5061d52175f108551863c5483534ec149f8006,1
0xaa4271c3cc6f7bb6fe5e96b84352d510d79daded,1
0xd8a9f37d781b9a2552e55f33f986441d84cfffd0,1
0x4b182574e310858093d41eb6657a61da4960b84e,1
0x741deb06e541e51e709c4a7a91c3751d259ace85,1
0x1aa8c89e381b033112a9e7465c1052b8eb6aeaed,1
0xad037328c44eeb7a8d5aad04479bf9214a755677,1
0x7545d53b9ba8ee11b4fb0c313c0d08393624729c,1
0x38aa1e19ccf8e37ea019bbf450df2c15dbd0dda8,1
0x368fd714cbc129b2bdee649a8fd259657fc13fb0,1
0x501769ea932793b71bfe28111d6d219658783a09,1
0x69a00932349603af17990248c1d5c5a0aaaed619,1
0x00001bd815185c5adc3b58336d4dc36f00e24052,1
0x3fad26934f2448ae23c98454935db75f00cfbac2,1
0x4d02af17a29cda77416a1f60eae9092bb6d9c026,1
0x49f3f8828c90ace2df504014132cc24c5bae8d23,1
0xf08bca7ffc99fcdedf97814243564a6c4d7ce56d,1
0x124a82ef36b67610e94bb7088fe8b1d754de582f,1
0xdac7a78e8b433af932df517830202dff6ee97b97,1
0xf22a22ebc09e6f746095f9e9527fb9008144d388,1
0xfc9d7069bfcaf639d0fe2d47c854a5fcdcf7e5f8,1
0x74c4df5ba7ea2e1ea80c89c2f074ac0b9a852273,1
0x4903b8db276ac495e0f82e0e3d1e7c5ae243f92d,1
0xf74c185c74fe1e4cbb72a12f5d3ce614b16e0810,1
0xddcb02cc44ad70ed954b20e90a3da1df6be3a234,1
0xe3b474ea507924e8858e9b6eca19e5e5374d3825,1
0xcb08f7bb973455466369f0a3a2653b7d9e903c0e,1
0x4d468babffcef0c72375fc946140c444c53c88e7,1
0x2c722a1f2f78105dbd5523292b735242bd90b8ed,1
0xf7ac0c40d8de045670eab6e48fb2cd97c800971b,1
0x876d9a3c6b99974cf5d94ab4831b8eec5b54069e,1
0x8434885f21359ddfb0c96861bfae0e8b9e8075b9,1
0x533ef16ccd3803dff50f7c3e46dee2fae80d386f,1
0x6de674b16fb965af7c826644326f67d732d7ddf4,1
0x69ef13d4e12fa846f8e626e779ca2d77d6a1f6e6,1
0x7819ccb0c63b557649dd5af358fbb210edd534c3,1
0x99a6b6b391d47ec7f4500d7b604d20b14d001e58,1
0xdaec9e2585ebf6d1eb47f6b27547ce680c0b748a,1
0x200aa8f3ac3dded76ad89d3cc4789a8ff26586e2,1
0x3882f4a33d0e15283a99aa78c52a2f4b61f34d5a,1
0xdc3d86c82846b5b5b5e2960ac15633195b609a39,1
0xbeaa04d443c912746f38d802a605c9886abc9185,1
0x74e5b751a37f7102c654bef1b8491edcd4988e09,1
0xf07cea8a16b442a1b9fe7fae1e153fa473f2d355,1
0x43d3b13033da6a65024056eaf1746a620f1ef139,1
0xfeb6ef8e5e2b81072fd1ed14dd7922ca9ccf059c,1
0x552fee59e71b36578befcfd6093acd58014338c9,1
0x4a4e38de548f3bc69cddb003e5c42c6bca147539,1
0xc6e29221898fb5a07d52bfbbfdf8bb66cd181055,1
0xe3b43b615500ad2ad63a3b21c9e649b4e2d81fd1,1
0x0772f0ad91f024031769ef0338316f7ee8b86f0f,1
0x75e7f686abcd5646e8813b06f5c0c9fafe2532db,1
0x19fd98b6c22e207780bfb392c7d1caf9e4e3d0ad,1
0xe4514a65c70d5f394163010e20abf2cf2b17b9a0,1
0x2ade1d0828107682f4e60f466840e188b56ec826,1
0x777a1bf5d9588d075fb24300380892d2db42456c,1
0xfeaf4d89d08793c971e7eac5b6d5f64c224365b6,1
0x13f835b6b760c3254f3b55def9f54f96c6adf1ba,1
0x950c49f8ee25324039d49c4cd202d87c6f030033,1
0xd4e6566d0ea6ac0930dcd89d7fc710ce75fb1fd0,1
0x3d3303b1ad80a4eb1abb2ec2bdd7948b4e01e8b9,1
0xb89b5e82750ee9163f93d4d74dd714849edf43bd,1
0x05c7ab3b5657431b785b027787ea3970dab82abc,1
0xfd7550e191093c6d5f5ed88592c2abd95fa38ac4,1
0x4725363afe062ba51954991846d940803b44c0ba,1
0xa84dfde4686f16ab8c3b0c9e4e60554d26506530,1
0xf5640acf55e39da9c0dd670d7a5a5ac3815ffa55,1
0x6420bf8880248db4cb5cb7110a8d27ca93d15941,1
0xf53ad7ce084a68983b84f20b6f360c5ffc2dcbad,1
0x744999ad49421aa15d18b55ffdcc7c566c9055c0,1
0xa55a7ce797a02e0f9f4f935f87af887bd25b890f,1
0x37f9ceb769686a431f6824fc961032d28517d980,1
0xe489306e4330ae58de8abfe8a3e3287d071ae2ff,1
0x2d2f3d333251d5623933d9b067077b8582b38952,1
0x56056750ba3a3e94de483593b48e40a3702664ea,1
0x96d1f2fd48a745cbf6356810c123038c64c496f3,1
0x02cefbda1c0c66a0c9ee12479d5e344c26334672,1
0x7cb9ee54e14d72784ffce7a78d5631a7afebcd15,1
0x1222c30b30b5169fee9706cd30c407d41d49ab9d,1
0x15f87e0a7dedc5e33d11bd58dd7cdc2a430e7657,1
0x88acd58b59d1d1fca74dcd5daadbd6df3827f999,1
0x9d65fb1fc3cf0e5098f78bfd6f24f6aa10209f1d,1
0xae415875dd6b09756d4786f4c93510a0cc5b8db9,1
0x77393aeafc6dfb490d2659cdfc1a22609499d92f,1
0xade276c44d499b1c36ccd8e656364337b1e2a712,1
0x659da1f3ceb96aaf69ed58ffbd59d7646703119d,1
0xd36e679f67fd58f9f2514237504807d47c21286a,1
0xfa8d154d2c2f28caa1c59b673aec0ac55ed037fc,1
0x4113189864b3ef49d89554fa0f98a5b5e2ac0cfe,1
0x13f54f73474ee7ba8f9c34aa3bda3f8dcebcc9d8,1
0x1b21da4183634f446976b8f6c6b22f44f3572466,1
0x4ae9ef198a62dda4c9b25a46a076357ee2fdc4d3,1
0xaccf3b37e688c5982f267f6f66e3beea87486425,1
0x9b0e826baa5e93c7eb3057098ea968785551c38f,1
0xa47a1d20b091c2ec1a0fca2e302cd5790221839b,1
0xfaad44907f6c6f8b67c200192781c268703b8e9e,1
0x18157a1eacee271964e931a6d57788af14a9a6a8,1
0xc4edccfe7eecab346aa9c8a3843edde74fb66538,1
0x3e8194b7f3eda25b92bcb453d41d2aec58f8881b,1
0xb7e1d94c4070561dd67ecefcf8621ec5904c226b,1
0x970fbe98dd09884940cd8c9cffe54f649863dd82,1
0x35b3f048f6c9dd8ffb84ac34d5e73c66b2a8c592,1
0x818ace6bb9ab152470890bf8e60210842fe78db0,1
0x644e00ddac2248749af13b22f3d91df27017d781,1
0xcbea1a8ba7823cdec6920fe2f0cb4ed2bf64764c,1
0xbbc3cf45ee4a5349cb86124f937e8a2b7f82fff2,1
0xb4eacf57fe639bdae0103bb0a61e60b5ae3e9aeb,1
0x5e97034b9ed6ecfc200120a7c425c95ac5000e8d,1
0x73ff19d750fa7cb1ebe49f89c642b81cf498bfdf,1
0xc9f2ec0ceb88c80b1cc913c1d3b01ddf9eef50e2,1
0x350a0d14133bbf54de414a4f874f50c83f9bf77a,1
0x0132a3087def8f8e8addc7d8a96cd349a92016e8,1
0xfb696918125dc790cd7fab4985fb4e275444e88a,1
0x40656605ba8247cd672473ddf121a4bb9b1fdc00,1
0xecc21d79646c0bd2fcba4e0d6c484cd8cca5f30e,1
0xfe14e258a9a28e9d76f5394ff5f074343265a2ad,1
0x97c7f6deaa4d30ac237585447d3c196ae6661c87,1
0x95c3c6d13ededcecbe5424c85f2f51c11c69baf4,1
0x8b589b224ee830d677c3b2af5f1fb2374b24f182,1
0x322104f68dd41b6006deb2aeacfc9065a23d1d62,1
0x73ff19d750fa7cb1ebe49f89c642b81cf498bfdf,1
0xb51ef4e97a2aa7a3dd37f207c46dbddb428991cd,1
0x15a88b427dc2ed3ee61998c9e4d1d4ee2bfd5103,1
0x42b95a2f52133ae09f4be1a138a62700e89fe65f,1
0x1e3cfee7b721e17b057e93d2e4af33723818f766,1
0xe917cd038853351e196107b791ccb7dced6d4806,1
0xf4dc133a7e6dec05344162b43ee212f76c146776,1
0xd111c1f86de8c17aeb01500b57d9fbf4aba6bae0,1
0xad843946683f50b10eed3d8091a8b2052dd68b1c,1
0xebedafa18db3ddede592ed8e5dc648f9dde72f8d,1
0xdd528d2b17840a00a516961df5caf44ced94fabe,1
0xa3160150c41f069023e5678c3514a031c9024c26,1
0xebb8fc3606197f2f5f6065e363c483f0e122e756,1
0xaa1c9802f347046cd883795a1fa29a118c9eef24,1
0x2843345cab92696fc7c9212dd4b70983488044bf,1
0x7855105d1da8c261e39d200c56402bf251e46c73,1
0x8685c55f59314891aea8d3c8b1d630dd6818c6eb,1
0xccba1a8b7d9b8bfaa3ccdcee75b58588de4455e8,1
0xeb2e886d6f5c8fe3241fa1abdb2167fa0afdb659,1
0x3787a8e662d9904aec1fc35463c271a900aede5d,1
0x4e5faf22ccbc62d9d521f010a2a4f41fcb7b6cd0,1
0x8a5ed7041bcb06b0b2c07d07c98eafc9cc12bf90,1
0xa687153672324330865eaedac197c4e7a2ec24fd,1
0x3e2613097cf934f39d7c0954cc3929a5fa3f9fe5,1
0xcd0bce8e81e89b661eaafd3acf3202cb3adceb5a,1
0xa44b12b52e4b6dd4f7c1d297b0804f719a48e1c4,1
0x17f1ab3be940e1cdde69cb7c97cdc4f6124fbf5f,1
0x4b1f6c852aa6146bdedeb0bc96006cd327dc4858,1
0x3dd13d532173b8039403104ffb0c79e9bd32131a,1
0x03acddcc3a5f513df9cddf1ba9b84d138a5bcf58,1
0xd281ac3a656a9bfed37202ec459a8dd9d5959dc6,1
0xc272f976e3343f8b75d111321795cfe7812dd37e,1
0xe03f628476509606111d7995dd2242534585e5ff,1
0x9988c09347a38df999d8c7570697e3a8d97ef06d,1
0x5d751aa2c6c55ad3a0d262ab531e2ab5bce4990a,1
0xcafaf66a3299aca892150052ea100a6eb9103385,1
0x193486dc877803c15f1be888f1676ea435eae0cc,1
0xb2d46ac3896c9d86c02d52ad403984444cee3d19,1
0x3512ad0989f05d1ce12e874aacd57351f06121fc,1
0xeb88b2955842f38d5443418ab0be1b59b01dea84,1
0xc805ce06589f6aaf336906f14e70af4e54c19fc6,1
0x043dc95cc693b85e8d362bf5fc1f5a2608b44ef5,1
0x92e7e398141cc7ebd6f30de7de79a7028baa3982,1
0x7aaae09cd73b63bf4fc59ae9a1b808647c011319,1
0xb566d2508d1871e4539abdd6ad71557e14dfef6d,1
0xb26aed96bfeeaf5923b54b3bc95edd7e39b38722,1
0x0b2829c661113d2ac83727615d2be9d43b081dc2,1
0xdb745bdfd8e86e5f6d725867970ab1e9c2d46278,1
0x1bbae0f513fb6f1dcb4082696b99d50038923dad,1
0xaaf9e357d9d975130bfe52f82c323700185403c0,1
0x36b829e06a6b7fcfb402c2d7a269c1e64dbf77ad,1
0x187c3f13107d1d2ffe81dd0aed9cee27f163aa80,1
0xa4d650a2cb50a8b51ffffcf51d4fca58ec662cec,1
0x7d9eeb6883b3f649bf17beb4bb108c578a65bcca,1
0xf7c4636b82656d9cd473f4e30ee9c14ddff79643,1
0x5d39f7c07757a510ff1b4587a1d61f646f6d43c5,1
0x2d9adf225f707119cf74565c9f0715f0c37374ef,1
0x08ff5a8723e9e8b811ce980f39bc8d9f59e0056a,1
0xfdf13576d654c42135b8ff3aa1cb47b1bd6fb2c4,1
0x332c95edfbe02d7655e9f5d9d349f41468c867fe,1
0xccb2c489cfb25b57614459f3b8f66b41cbbf3b33,1
0xf9a998e367529f6fc8505ea9496af32b9f5e557b,1
0xe863f0595561d4f603012b741cca33e386ec4050,1
0x192764038e4aefd69536414e105002ee43ab5d46,1
0xecd58b53242ef8ed2459b84925e495557dd9183f,1
0xab60aae7d5333be47067730c81ab54e3225f5851,1
0x8450323faca077ea6f8f3fa7f8ecf85f2f00823f,1
0x035dd5668d8a718af300a93ca72ac5fd63a4e5bb,1
0x21c771674980bdc86ea8bd638d54411f337dc3e1,1
0xe3af4a290c0f9908c2a0f1d5117bb62a8a937df9,1
0xb90af4b7ba31f77e77935d76759000693b1f1fdb,1
0x326c212b45626c38e8acd993520db5d5c35b041b,1
0xc180603a861f72ffcdb44691615a96c91380737d,1
0x00d01baf2555784bf9ae77fc9e1c9cd7e299241d,1
0x58b72956e4de9e243c22f736196c1820724f0904,1
0x7086918cd79db480ceef0eb473c4290936ea40ec,1
0x8e81c0c3853470bbdce2127de7d48e66409a75fa,1
0x9d51b4387286b3ba6cea78950a276d2b04b13e07,1
0x4d9e8ab202fafd8034bd9782763a21100af94ffb,1
0xcb72bd4d672a280d073336243541e7779b26785c,1
0x4fac36db18a86dd8b17c5306e319fa608b270b58,1
0x256f2bcdb46576ee144f9506e71b7a9ed7dd19ec,1
0xda3c596ea86a9ee9d484a352fe29b3e17b9ff11f,1
0xf13bfb9ee974e11fa1daaad669eb18c7949ff208,1
0xd119cfef25c1e1f9ce337055a055a70693c7345b,1
0xa0b0781c9b6afd38297db56c996478f3433e39e2,1
0x8a9a233ae0aea04f89d87836e9cf2d46aa2e72be,1
0xee891ca02f108cf5b778c4c82bb74e3c8b0271a9,1
0x5abc4eec5c05ca14951fd7de2e85a4eb3af5d4af,1
0xe5380c03c4e21c146aaba503b2df237a15bcd4b2,1
0xd4b3de172d33bac27219ef7c75b5628ba9f3bc79,1
0xd89d7a23b9cef77df4ed358cf20e270b948983de,1
0x97ed9eb4cba036bec5a18259506d05f784e89ae8,1
0x44f863829ac3ce8648556dac872d8b9bc7609c2f,1
0x87afb2b8b18c4e72d649b38cd4e667678a7eca35,1
0x68c1c480fd0d557b4ebd4fe1e8d4a376a1b6e7fe,1
0xb2d104aa409e6e764a225a893712930a91593028,1
0xc6e330e8c09cb8192cc72f7b0b49c7b38ef2efa2,1
0x93b5caceafa4d91a1b3b0a72d81811f63d7875e1,1
0x1088771167254167dc0628652ee3a046828f96dd,1
0x847d097ba5c99156a235c2f9eef2e1648d23c355,1
0x4548c3c7bbcef22e609a0b39f66cc76e2f550ec6,1
0xf71edd300cf317cea446f77d580b7e25bd7d71f8,1
0xad97505ebbced4b59ef65663fe29c54f00316c7d,1
0x1be88bcf3b74048578d5e9f3cd9d36398b9cdf87,1
0x3de3c69e286bf5f5b43dfcabfb8921b6295c02e9,1
0xa66847588a02baded7d282ad0a92affed1839be2,1
0x52334c23539324428a60bcf10ddcde1f77140588,1
0x14c6a3fb0fa46a43d01dc7426d7c27cf8c71c10a,1
0x00fb7d036827cee52063fdb1ad91ce27996a4f50,1
0xb1c70e6006228bd3a1d687d9d31bf0578c9a16b9,1
0xcf55d9b5550e2451059bbbf37c80ad98a78ac137,1
0x000c53d649dce42e69c27167b72d5e0c65b5d9c1,1
0xccaf3a28110702a215384cb6d07f5ca728476eaf,1
0xcb60ce5cbd309382080bfefb08d262678f4cd360,1
0x02ba90b366ba0680cc36db9ee7705fe063a35986,1
0x6c4d082e158120d688a140ba6c1bedc27eb3a0f4,1
0x1c7a46b0f34cf7a84c2d42bc32fed554a8b4937b,1
0x72c3e4e7dca835240d9052c345659306cc9c0c3d,1
0xfdd5aaeb514f2d22cfd1ac8ba285ed5b2a85cb0b,1
0x0dbf83102d2edb0f6177579342d24585ba9311c2,1
0xe699aa340946e7809264f58a0afb4ba281e46d86,1
0x7dfde5f0cd512c2902c78d388065b0a3157e2266,1
0xad8581591c49b05704edf6206789ebd9aaac9f8b,1
0xca03640be3598995fe6cf9a6d6ba6f3a9dd1400c,1
0x5d62dae93fc8dcf5d87b67e185ad5e458ab4b824,1
0x3bbea3b7d5f9166e0b0d65b2266963ac3887fc0d,1
0x7b18575f50be288f7f23793edb2ef8725c4f7135,1
0x7c9d34f49a1443f57562f0e3f1d13c056f4713c5,1
0x1f2e1bece0b545758a2a3ce1a6a34452e7839ca3,1
0x800f6001ed9f177f6842cfdba473b0cfaca9f18a,1
0xdd8748f855d9e0d9607fbb9d3bcb8fbdb4f9e2a9,1
0xa46d623835478915415a79e3f691228a5974a975,1
0x96537a0f15bbbd022a74bacfe5961da0eea03d29,1
0x2ba582cdbfffb09d2d10477925ff6019b4113ca7,1
0x84e272787462ca06f561278a9b309b1d128e3ced,1
0xc1393866edc1201121e3c786f238bfdebd179562,1
0x773b1acc268f8a0c6076752fcc042bab87597718,1
0xa45125f0e9d8a15e6f9135918d3627715735a8b5,1
0x2d6a461dc13bc199d0985daf34acd9a67adc85d9,1
0xd97df01183e130c17ec519794c6858764b4527cf,1
0x3288ab665ff00b01a341c830b852803c31f31d5b,1
0x1d9bcc08160b5d4136b0c8d699c3777c957d81c0,1
0x90c8031397a7be683fc962ce973c6848c069099f,1
0x059a89fb0eb10414ba17dabaa2b1e8f2bac88991,1
0xc05cc603bc49e772b23d1fb5ce1064d54df7ff72,1
0x5188c87896d52a6da0abe53fe75013ec9e64078f,1
0xdb919f837ca81e6c4581c159b3565c7f376f871e,1
0xaeb715a86fc3991a3e60900f846614b6ad095ff5,1
0x1bcca2ca554d3c31bda79ec239b2d615bb8bd209,1
0x0335926e542bd2f9a2e2ab4ce9b8d990e47bc147,1
0x970f12ff3367defacc492ec666f9aac23d9b9abb,1
0xa879b5dc21d6fc8f02628f0711b23d4eceb443b9,1
0x1229c385cdd48221a9bd3658447d6387a6ac695d,1
0x58f0978782f41eafdaa7cd4789bc39710142c9d5,1
0x543c00ad88c82255a943998f8104ea0eed47aa9d,1
0x08b705b71c88fd4e2ef3787e52a580ae5aaa87c0,1
0xf1f91f1330150315bdd51bffb3a556bfc03d3082,1
0x7b337d126d631c9a6d510a408e65920ab8d0aa86,1
0x3f121f0b5d164a70d7fcff358e827a9363ab0519,1
0xf5f0320e92921515613b7d8e1c249dfe7a53f569,1
0x5b8f04ec266553a40b8b4c6eaf106e15bc1c682c,1
0xcb25d50bea3fcb75d2c91c7eae16a08ccee35749,1
0x595cfcb317c731f82f29c58a80485b777dd08ed4,1
0x2a8a43b8f1f34718df1d0d13f72ad32581f2bab9,1
0xc2f9a13a92e5cb8215dcff4d38e3d549e463b16f,1
0x6e0fcf42fd1b6313953cbcc99b20c73d8e41d02c,1
0x729ba6b4412443af740290af753fb69f1c27db29,1
0x2aedb37504f77e189d77bcfffe3c837379c506f3,1
0xa1c06499d466bc444bb45af02d5532f373bff4fe,1
0x92a3808cac59992eedc3fe87b94da7bb288d6285,1
0x8d55df8f366f0a8ff8f56e1a7fd5f3c28e01f436,1
0xf8c9184bee567c235c220e883837c92b3cace488,1
0xc68e23ddec7bf88e7f22e052e6f456617753da2e,1
0x8c7df6054c2e0eb3ab35e1064500ec1812930200,1
0x4c25fb4b9f3ae5240e58fe8a3edb07f7a66aff02,1
0xfc3c787fc5a58a9a02077ca5cd6900e2fda0c94d,1
0xa04f756ed8ba484a4519d49c1961ed0a65c5e5d3,1
0x14076a2408a47228930b0802ecff237aaccfdda9,1
0x36e3258dc9759899201a2349b1eb0e3ed9855d24,1
0xcac45fb29b1ecfcb80bcc2b97f7a7f8c90f4c1c1,1
0x92e315429c26ace6cc6ac8c9b71379110eda960a,1
0xc0d07138e9a56b0b37e98907e39732e7eb6f6b69,1
0x750b8810270a8363565ec37ad8366d5fbbfb3736,1
0x2bcd951240f053acd007742399f76fec8fb163d2,1
0x2b394a878cba7626adfe69ccc5fd52cebb31fb16,1
0xcf1d38433e1e1e835590618af19f8cad3eec8f69,1
0xcaeb672f845054045fe37a24059b663108000d96,1
0x8e5729e8a3aff49fcf5fc889d0943d38e3691070,1
0x2096d113362ab01e10b85eb87aa01eddc3aa1301,1
0x66962473d9eeea760de3cb5b534a6fc282aabe32,1
0x724af1792d5bf8b5a40e74995609d8b50ac83282,1
0x2ccbddf610dace745f5952bd7262b1853f1c5573,1
0xb7ec69d470a49c518fc22d6fffdde604d2acbcd3,1
0x643ef45de2f4b6dd592942af150a5bc9ac70168f,1
0x54852a6d9585266ade94c46da26417b31eba4b11,1
0xfd1299d967ea45c290bb7af2eb0a4d8300c44a31,1
0x8617bac3898bb20a7d140eb05afed0871debcc48,1
0x1e5e9e4eed414113674985cdafa8f9bc13747ce1,1
0x4d35c6f6469d7178c5e3b0626ba3e3c09023b2a5,1
0xa31178c62d85f8de8d420e0b9e06539e2fa3a7e2,1
0x324fc0778119168634f93e099382581720219271,1
0xa2d1589a43d454c672fe62bfc9f741fcc777f1d8,1
0xe16b5c27d43a3a8d0ef70e3ee69919fc8c486bc2,1
0x551ac19884647e786aa34a5d843b72674dd2e4b0,1
0x5bdbad2a986c5b959d7d10ebd9a4b2c4ffde9e4e,1
0x480867782d58b5fb815d9c3edc0562f8daae6805,1
0x7c0df2f4d28d3ce61bfb90a7759fa3e420b3cc48,1
0x351775b629060e2b13eaa3be5c20a8f04b6330bc,1
0xc95cf68f5dc761f50211b0ece9e11d9646ef38fc,1
0x0808bec07fdf2e3471ec0c268b5c751689e7f75d,1
0xfe1ce87169bdbab3633b7b0555309c643759e384,1
0xdba5f5d4b3fe8c73e9f9cc43d46867b2cf191d54,1
0x4c615ada1200e54ea81a4a85f263f1c94be73dad,1
0x5b218d0d70737c7b235f8aab5366a1cd7e0e9d54,1
0xda33b6304742cf97665e70737149f468c8c3f379,1
0xa54f7c33a544f8ed7ba2c54f4d53c60707c14f0a,1
0xf0b5b520f9d67bfa65bc48ea93473ee974553b06,1
0xe5e09a912d7e27f5404a4fe6b1b8a6103e3ac4c2,1
0x0000007c60fab7a70c2ae0ebe437f3726b05e7eb,1
0x48a483e6ef15f4c6b69c091fa59c5bfed0ca5852,1
0x5036920e98e206d4ccd062661eecc1e836466b03,1
0xa3056e5cc6e65333afa329a79238c77765dbc7d7,1
0x6adbdb03e0eaf3c409a408260a9dc6bf42297a46,1
0x000003d7424c35a79704c3bba5b9825d8533228e,1
0xe46e02b320f5964e110b35bf39a6773af49243dc,1
0xda3d7dbb9fe32ed3b4455ba0507b9c66b4607710,1
0xa420bfd34fc9dd3964e48a00ea75172a875c6889,1
0x2d36d2658b46c509ecc9bb68d7844bb3ef9d337a,1
0x98e3a1fccf50513500a6d365cc01f72f2827f51d,1
0x06d54a71564b782b950b6d60eb5ddc76585c75c8,1
0xb89ed55355ce3bbd824258983b22446405e67fa1,1
0x1e3e0924a23ccad761dcfc321800ac190e92b2b8,1
0x0000007c60fab7a70c2ae0ebe437f3726b05e7eb,1
0x27f4b8e27a1ce153047d5d79f48440acfc89358e,1
0x8b38b3c4910708da727c4499866bbe0b0902e452,1
0xb396b061a09706f7c5f1b02e3140c5f5f06b7bb5,1
0x868ebd386a8c75d6178006dd76e838496be4af76,1
0x1392f811d32447cd0b235301e866950e54d54a6a,1
0x4e6ca782368e904012a060179e95f33e2cd7347d,1
0xbde4aa4dd5d3d54c6189bac2433bc11698e500ea,1
0x22b3e2bc65f55970eee675b42598e9c83c532b6d,1
0x7dd37f21a84e81f77a61f0ff6fd4d9bd83680e19,1
0x909e8c76257eecc485f9cfaec500a0b1eaa580d9,1
0xd6e3d595fd78fccd8e52e7782add2ce91a264a72,1
0xe7c699e44274ffa6b8acc4eca30331b98840ccbd,1
0xb9040b566c5b87e34fe876bab08e3a211578b7b8,1
0x03068eb4286521b79e346a3fd4ecb9c12cc95bfb,1
0xc211cab9073de07b8c547529df82a889b4764cda,1
0xc0d535baca891e9104ac3bafb6d039c4dae2c995,1
0x1ac40fcc665b5461b7f0c4123cfa0239f1e18752,1
0x478eb2b4d237058c0f4f2b3b6863750e26aae07d,1
0x66463e6e3a6da8505ca93566757c93c1eb8e10fa,1
0x785937a35426a0a4a26fe26a8233f20f50aa21b3,1
0xfec5d92201462d009666632dfa46bf4a35765eaf,1
0xabdee4c527328d62dbddd14a253d9a57d01000d5,1
0xa580f5aaf77090eb959b6f4814e2de359e484fd7,1
0x2e3a1d2cce3618f276cf6e5e3e8f2b3a81fcea7c,1
0x38b8c45f2f90fcf26eeebcee0ed15307e2c94246,1
0x1596e4245e9170fe0f7012ebf1bc2f45fbe0f793,1
0x201244113a577eb4b4d5b93870347191ec04f9a1,1
0x59c238a71cbb455d1766f43fc38055977e7e73d1,1
0x868c218c46db69a34eb0610e135a1057f908a26e,1
0x5a0e8e6d76cc3788f2f8bed0c93c5f1f5a4b3e78,1
0xc321f8c1cd2056ebf8cd50a95f555152f8d99953,1
0xa6d31551e1459df688b9b9c8eb582e566cee2e18,1
0x331b9318f9127fd2b84d168b443d6ac37bcf9f43,1
0x48aea7c14085364533abc35256df78d7cb1793a8,1
0x4fffc65b716015dd64d5ff2cb6cadaa0d74cc118,1
0x51d876ce38552d15a6744ac09cbc5de32af96faa,1
0x0690452c77f1e36fb3b866098612542d8311e48e,1
0xfff766047a983e49917a985f85837d9f8ddc4808,1
0x9521012db7b9be8ae24d6c6561a73e56b6e92b8c,1
0x59866cb26e561472596d37704e8547c79f14b2de,1
0x6ef9e009095ac2fbaabc53183a978141e284c3bd,1
0xcc9a4b06ba55e7a081ee813baa497f460e73a816,1
0xe88bdb9682d7903d9b88da9b160920b3402a60fb,1
0x98e4d080339ef27680b5e0c50c7fb4dbc1a53bb8,1
0x0ae81f522137eea28a059774d467cf9e821decbb,1
0xd635ca708649774041c1a277c6ca00e796c4d996,1
0x351a1451732239c614069447f3e4d2fca19dca26,1
0x0ae81f522137eea28a059774d467cf9e821decbb,1
0xad7873d553a4f3d484511b2b931e606e96dada9c,1
0xbfdd7018c0da24740806d2ead32fe8f7155bf0ea,1
0xa9cad9e3cc3d653d3aed71bd07ca644fe2174edf,1
0x88573f3ff9e2ab28d2747434800b8121cd847238,1
0x39c498ad6921363f151cda839ba10656cd350584,1
0x9a3a6254130b0642bc939b0a0c12e37fcf084602,1
0xbf5948139fb690ce88cf920e7369f98704fc9955,1
0xab19f0e8f9bf6099a3961b99597a90e5eee76605,1
0xf0b39de459ba00c3aa3a96976124c948c7de6c8e,1
0x85f8e5c8436c27ea2927edf6d7d29d6b5e4e7c35,1
0x2c4c7edcba87bbf1d52eda02d573a90b29100c2b,1
0x43f3012e7989541ef583821e50544e4f86fe22d9,1
0x092b7935bc947ce5898bc0162b949de375e368d3,1
0xc0ec061ce4a38bd36cba394752fd68ede5e27e3c,1
0x948254f31f4bc6d4c38b772ecfef05474cf134c3,1
0xd5af36114fc52e9ebf07b68c12d07f1147395cee,1
0x8033f8628be2f688399eed64a6cd8d127e96693a,1
0x750b8810270a8363565ec37ad8366d5fbbfb3736,1
0xb47520aea870c3fb9715c15fdf255c435f08c6c9,1
0xfcb19fb84bef2cff8de2c32620b463c1e3b632bf,1
0x220ef734f1d8ba622ac4d6b06c010600b87c3e87,1
0xe621fd067ef1154b7035896be20ae2857eea5ddf,1
0xcbe00234f152720663c6bddeb19b85c5fd8ed19d,1
0x09e9d2106b37e650baef65db7087aa2d8202ff7c,1
0x647db63fd123808d7d1a3e7d2894cace3abd98d4,1
0x0d3f929758e39a32a9f1de7cd5aa714dee9da08d,1
0x40b3855aaecbcc54cba5ba50b1defc08e6d1cb13,1
0xa4ad3e1772706ef74a9781d0f48fec8bbf93bd33,1
0xc7de154b678fe4bae8a6cab7fe289e7daab35e78,1
0x2eb27f608521009f9663904dbf002d93cfbb5957,1
0xc7de154b678fe4bae8a6cab7fe289e7daab35e78,1
0x0802f46aaae403dced203cf2ebc8db0feee9ae12,1
0xc7de154b678fe4bae8a6cab7fe289e7daab35e78,1
0xe582b2f0e2dd5b4cd9adae496c3f5b3eb702c259,1
0xc7de154b678fe4bae8a6cab7fe289e7daab35e78,1
0x60c9b0055fce7ee2d32ca6d233ddef5ad1fd0034,1
0x7d86084fe33f452fd5202536a879600fb350c6d3,1
0xd119cfef25c1e1f9ce337055a055a70693c7345b,1
0x686943d5ea44d53a5326b42d706dea6dac7e73e9,1
0x8b0865ee38cce87b581606c449e955c0692f65f2,1
0x98c0e038cd51ad461795fbc095bfc85ac8c36e1b,1
0x4956bf53eb71658c5d829f24769d709fdb08d6b1,1
0x3d2d3b346bc68d3c55f3706a6b82a87b7353cab4,1
0x79d459c0648024a35b6d22ced93ee70e96abf245,1
0x2534ae50f81f8efe3d013c1036f357dff168b4bf,1
0xfb3ced44b94c012cd52f783e2b37ca9f3a994b0a,1
0xc474acdb95d04f3e24ac15fde976881e01e642fb,1
0x57e528661ca3fe5fbd05851899accca1803b1fd1,1
0xe2276bab4a1ccb50c9fdf84f6befda81327a5965,1
0x7d9443df1acfb1e9b03ce0c647e3c29d1579f892,1
0x1855b849e7d23943f7975ef6d2866871e3983bc3,1
0xec06fa5d229b4e7923d2b99d5cc713edc2d5fa97,1
0x459431b3017ba7a8f5e634725a7282ccfb10db79,1
0xc48b36956272295f3cd12c5c9dab07da92083f93,1
0x1ef9a28c2f33b8297a5a687e49f3feaf14c8a461,1
0x4f3a20ae79240d719032043ebbb33016881d6428,1
0x5c0bb0160b6c7ed70bf5a1cff315dfb7d42afc0a,1
0xd8d86ff6becc9f16e845399f24647e991fe2a91a,1
0xe64f3dcc6979850f51a8c7cd090bc231648376af,1
0x75d24fd5350e469d4644826a4fc2421486b0b606,1
0x45b41c3427643018985eb96b1d3b6903338aaa92,1
0x10c5a83945e570f05989b093d8211378660bd9cf,1
0x7b284248c00b9ebe72f82a6d3a3b11915d5bac59,1
0xfb32ddd6504db569d9a1261e848ac6c520d41888,1
0x6f06959ff5dcb1e166c6fc6ae16243cf14fd397c,1
0xd12886c92ab03665d4c66145290d9b4e336a8253,1
0x0e8b9bc69f7c21ddc3e1aee06fe939a9c6b0326a,1
0x261d7081a2ebe7737ae60db5fbefff192597aa40,1
0x67c14c67444f6164ce26b417d64d68566fe16e9a,1
0xee647804f0d9d6bb22cd31e1dc241387b9a57010,1
0x8032bda681b6a24b79f7f320dd964fe21285b598,1
0x2cc1af32783ec7dee919905d3accd5c215027d65,1
0x1f886bb69e3ba6160d446577c5271fd57526f599,1
0xf13a1b27afbe9ff63d037b96c6295ea1507a0baa,1
0x3dfa6563708315fca04cef8f34727ca3bd3cfae4,1
0x67aeae1def34acd37a785949edcb61b745491467,1
0xf0b771a61686765da191f1a9d87a1741477362b3,1
0xf57d819194e4d24839f8c9bba4e04b8645571e07,1
0x555d9c39fb682a0b6d336263ddfd25080efdfce4,1
0x536add44676ccb599796dfdfc570da9f6d37537a,1
0x83970eead2e0387b839f582e851da525bca7566b,1
0x9e17dd992058b0c1f636abd370168629bb3e95d3,1
0x3088a36762266bd7887076083a1fd1d9bbd2e0b9,1
0x05dc3737bcef4942eee323fe91d38a536e071122,1
0xe2205f0366d2a5399d59b751608822ee41320210,1
0xdc61e40043f76bd4d6a632ed1062e278284ab08c,1
0x612ae2f785b23403771089e19f6ccae65316c195,1
0xff082287dba9cb24b71ab764b5a3f5f2715daa9b,1
0x1e800b37a851e13a55ccd07503432e7dcb1672d3,1
0x4f03743a7c1d9babcf59c2fe0dd5523b12443d71,1
0xdb4728c59de1ada5ab7943378a12673735499b23,1
0x4824546a5be48d78a75760eb79a5b2ca4ef274f4,1
0xbe983ca4cd979b2947f03a3382134f142e143460,1
0x4376bc58ad1b85cb1bb7690915fb7e4431f78914,1
0x946c1bf1ab4ac5a0ff7d135a861191b4959a571d,1
0x0f2ec191e1025b9f1f4d1081b6e28cdb1aec21ea,1
0x4e6a85ff1b5bc452ad8db16cbb5925d55a5ca376,1
0x04db4fafbe8fb092798e579f4948b17b42952c41,1
0x89faa2d771c556f5b9e3462fe530b818c8ad8746,1
0x9223fa5a84decfee94b5b63a7c191794aa1368c3,1
0xc597dd0e97c30f21a9ffa74d79be3607a0028fd7,1
0x341dc8d959d5f1d15bfe76c7f9d56b27a832dbe5,1
0xf5fe41873f14d91fd6c266884b2520c27568dfda,1
0x251b405c7788b1d02d0fa24a38f0721a79f9aadd,1
0x0000006094141cd5d88b13aa8845dc34e9b1c3a0,1
0x84a78a8864331f54582f29259421f09e69f4c755,1
0xabe447fe90d8bbd12aec54eee5356183d046d57b,1
0xa58d3f53dbaf7d647aef9256baea6f9c1427842a,1
0xf7ab401d4f5b0ab4193863593e8a3d9a34d3382b,1
0x380cb96aa85b644207ae96b7e9c066e72d923a49,1
0x130bbef83939c3e6939da50cdcd23de97dd41f5a,1
0xaf63c2db758e5631e5d70b096c06b46a8ac35e6e,1
0x3d340f9478ff589fc9f76986bd49ec62c1619b98,1
0x4997629bde17e6bf0d7142aff58639d1a60f119a,1
0xb14c8bbf0f589253c2fd05d5e14f57e7fd7a26d1,1
0x35d4c762eadde62037ce52f6fd7c155fc1897caf,1
0x5b5c631f2c8814f439ec280edd312acf2cd05f7f,1
0x0eb7d39f70d4a736f1c96c818f125729c7f72409,1
0xde35a36cd873d3a781c4dcf46f962ede3f7f8e0f,1
0x973ddaeb339f5dcabb29468c07b41153be22e6e2,1
0x0e15e70f74e5ed138d449e868def1415f9a3e24d,1
0xe00d92614b723e3331dc12eb7ae8f5f04fa3b714,1
0x88dc82ba348b7f6a44e23260802fa52ccec0cc32,1
0xa8ef8b6a369cf07f2bac69e7a130edd4dd581dc1,1
0x000000071315588b34fc29d63b7494b614e6fa85,1
0xd3905281ea9d929a3510947a81ae1631a1a7d873,1
0x6913be0821ef4a1c88b01c39ce2f91b6d78a4750,1
0xfde64ea340165e6cecb9deb73bacd127482e04fd,1
0x5ca2ccb0a103821195b3d1712a7941a2ab89e58f,1
0x650fe0319d7c55a37d49b630a5ba9cd57fd67384,1
0x7b3a9180770c35f1f15be4165bbe96aaa06beb6a,1
0x99e5d6a10739a698b02a4595575a67423331ddfe,1
0x649feb37e5a2ce9bdabe94068691ad631b0c2f38,1
0x95fc9f435af17b82b86b2080b99a0ef321fd2484,1
0x7067e1284821016545f615e31980988a9dbccf10,1
0xaead40e4b95b169e2be0e238718c6a66ebf1ae2c,1
0x35965bac06a300d7f97a38675ae920bc7f90bd7e,1
0x12f6eac6080abd0c740638312a9db21c3f216a3c,1
0xca8dcab8ae2ca6abdb78b27a494cb49d782b8500,1
0x0033f47bd54b89459b1db4b5011df7c8fa1a3d77,1
0x3b9e2add84f9d8a2751b437f2389ebf516cc3a21,1
0x7cbbe99e7857dbee449985d058660f23cea306ee,1
0x57785ee69c0b006821950342070fff68636e3130,1
0x61ad0cbd664119913288153cb912def11eede3db,1
0xe9815bc17f4c031265382c38252b438b28ad2c4c,1
0x3aace7fb984b69b5f8268301eaf1ca8bfa06d0de,1
0x000007446d32dce855535dc5d784764bb961d298,1
0x812ac2610a2ff69c4b3b492b25756e3e0c1298c1,1
0xac17f079f2a54ea681df8a149cc5552bc372eb18,1
0x89c3a05c10f404ba36fdfad1d0a72b1ccdd40dc4,1
0x8ab10078d0974b35838eec124563ee1e00c7e227,1
0xa553fb8f625575ccead78b08991e9d2e20a40843,1
0xd11cd62f1946a14d622d955a598f3028b85a7770,1
 0xddc481918147945bcac26d67971c1d29f60936c0,1
0x45d7d6941e8e4b6ac029eee8a74934a7147ef8bb,1
0x586e750329bfacb1e771d9be910309c4ea72291c,1
0x191a646a4cc3c3addbf2164fda517351a9f90b47,1
0x623e10fd34769a22f55183a01f7683b80dcabab2,1
0x688e657f845ae3bc245a08a8270d8cdbc961c2b3,1
0x6c72db7233d32a0c46db0615d9d2a5c7909d7a3f,1
0xbd54de3ee9b843beeac5a68c4484e4f1d9882c6e,1
0x7441f6c6bc5f3d15aeac622e7cb5a2a6015db8b5,1
0xb8450268e5dc5fa5f32f69bcd4a821bc78c6e441,1
0xdbe0d511a71c100109a6b7a9f35fd30762530da0,1
0xc9aa162b88d09a491b23c38b23faaaf3dac96585,1
0x6363c4959cd23c81713ca8115e217f94681f9fb9,1
0xd450749eb0e0d8f8b76957d5ef32f4964864cdd3,1
0x8a502933d2bae32387d78b709b7f0096e95f9902,1
0xd49104662583e1928daa8758b0cb3d4153c95096,1
0x0db2678c48798ec98143a91a353655c29a5e0053,1
0x85c398a3db674e1cc71b8cf506dde3fce29cdfd9,1
0xd5e970565686bc05f00a108a03359f21b44fe684,1
0x9b469d71b7808a1f0232db2820c3009d099b3d95,1
0x55a75b6dab623ab4699fa18b7d11d3d4671de63c,1
0x55971aa2395b24e4c69123e56084b36a47fb06b7,1
0xf271fe71b4e09f2c14b7c0022092bf0acc8479ff,1
0x331fe9f06431aaacc26b7253f1f046310ab7063c,1
0xe9b03b9efe6bff4b05ad8c22a1ead469be12027b,1
0x13c431ee2c95d5dcf5a0e7f73a795f4d2aa0ff48,1
0x29cdf826364c2943fc9352eac31c1c5067661239,1
0x8fd8ae51f56c9251d6f4d9a437672df7ee073962,1
0x08cf6476ea0f7f1fecc3b10468039fa3cb7369b2,1
0xa23b29a98f63f8c874634c0f94e9c0d2022edaa0,1
0x2aec8ebf681fa91bd132e43a88be49600ccdd7c6,1
